DEM_Type,RMSE,N_Points
Natural Neighbor (Contour),17.45415649085963,1212
TIN Gridding (Contour),17.465622984616125,1212
Natural Neighbor (Points),2867.7097994172564,1212
TIN Gridding (Points),2867.7112855837313,1212
Stream Burn (Contour TIN based),17.478845283524066,1212
ANUDEM (ArcGIS Pro),667.1646819723652,1212
