month	mean
THAW200705	33.603306
THAW200706	69.694215
THAW200707	94.570248
THAW200708	103.545455
THAW200709	104.561983
